id,pssn,pname,pgender,pdob,age,phone,noOfVisits
1,173-01-6440,Corby Janosevic,Male,3/6/1961,59,(883) 5945079,28
2,391-52-3626,Deane Elgar,Male,12/4/1963,56,(853) 8066778,25
3,225-28-3284,Sharona Matkin,Female,11/2/2013,6,(957) 3148124,15
4,279-38-2458,Diego Francescotti,Male,2/10/1979,41,(772) 6731977,22
5,146-17-9160,Vasili Struther,Male,6/28/1960,59,(865) 6224415,29
6,818-43-5291,Sigismond Woollacott,Male,8/23/1976,43,(639) 4324112,21
7,352-88-1319,Adi Cordobes,Female,11/14/1971,48,(887) 2125981,7
8,284-18-1555,Guntar Dine-Hart,Male,7/3/1986,33,(786) 5103129,7
9,851-36-4931,Humphrey Testo,Male,8/27/1973,46,(964) 6922354,2
10,336-66-7511,Susie Paoletto,Female,3/31/2005,15,(515) 5866387,30
11,847-40-3720,Morganica Brito,Female,9/8/2015,4,(208) 1553683,24
12,606-19-3816,Vernor Dikle,Male,11/18/1967,52,(671) 6213008,29
13,265-85-7336,Wallache Verryan,Male,11/28/2009,10,(680) 9228653,11
14,571-68-4365,Kaine Dudek,Male,6/28/2014,5,(653) 9865884,18
15,827-86-0690,Justinn MacAughtrie,Female,3/16/2017,3,(167) 3725154,6
16,513-64-2897,Brandice Sturgis,Female,1/21/2013,7,(880) 5825410,15
17,225-09-1410,Abran Milch,Male,12/11/1991,28,(524) 5602734,7
18,750-60-7317,Hillery Sanches,Male,10/22/1965,54,(209) 7019043,11
19,321-11-0008,Fletcher Crozier,Male,4/20/1988,32,(949) 7144542,25
20,284-37-9489,Eula Passey,Female,2/16/1988,32,(856) 7476937,13
21,342-66-4071,Park Roos,Male,8/21/1987,32,(604) 3973345,21
22,601-38-1070,Mal Scrafton,Male,12/6/1995,24,(717) 5067074,14
23,531-03-7029,Ferdinande Kettridge,Female,12/2/1982,37,(346) 3988266,2
24,447-91-9769,Angelina Dowden,Female,11/4/2005,14,(940) 3428798,21
25,461-28-2529,Brigitte Morison,Female,2/18/2019,1,(859) 6475243,1
26,148-19-6308,Laetitia Castaner,Female,12/21/1987,32,(415) 5036295,20
27,432-96-7960,Charley Ashcroft,Male,2/12/1960,60,(836) 4326169,28
28,343-85-1832,Lynnelle Cocher,Female,10/11/1968,51,(776) 9405386,8
29,558-98-0904,Clarence Remington,Male,3/5/2017,3,(207) 4287355,19
30,495-38-1644,Fedora Edgcombe,Female,10/6/1994,25,(809) 7929023,8
31,241-40-7682,Jordan Barnewall,Female,8/30/1999,20,(152) 2701791,12
32,219-35-1406,Stanfield Bliss,Male,11/16/1998,21,(845) 1578087,26
33,770-35-6249,Georgie Bayford,Male,1/20/1961,59,(242) 5717059,7
34,161-43-6646,Demetri Dudson,Male,1/10/2004,16,(781) 3761705,9
35,734-94-1605,Mikkel Ibbetson,Male,11/1/1967,52,(466) 2997840,2
36,103-52-1183,Tedra Bingell,Female,5/22/1987,32,(675) 3352577,24
37,633-26-2221,Selie Arstingall,Female,12/6/2015,4,(397) 1767599,6
38,664-70-2411,Ravid Blackie,Male,6/26/1996,23,(310) 8710881,19
39,106-94-2516,Rube Percy,Male,8/3/2016,3,(975) 7252959,5
40,429-16-0713,Claudell Melia,Male,8/8/1974,45,(941) 3487669,19
41,426-37-1331,Thorin Crier,Male,4/11/1992,28,(384) 4431132,22
42,858-74-7751,Barbi Measham,Female,4/23/2006,14,(416) 6655593,7
43,592-73-9290,Rogers Rablan,Male,11/30/1983,36,(137) 7951967,19
44,774-40-0348,Maighdiln Grimsdell,Female,3/13/2009,11,(486) 4811324,21
45,129-49-7088,Guillemette Milsted,Female,11/5/1986,33,(658) 8827394,6
46,352-26-1116,Ossie McLese,Male,5/18/1979,40,(750) 4725000,9
47,357-81-1724,Hendrick Thompsett,Male,11/3/1967,52,(607) 6910390,7
48,730-82-9874,Corrinne L' Anglois,Female,8/15/2011,8,(891) 8900404,27
49,286-01-0555,Neala Cast,Female,12/1/1986,33,(312) 4218608,9
50,390-04-5274,Bell Curl,Female,1/26/1999,21,(751) 4240002,18
